Material,Bill qty,Name
ILCE7RB.CE,1,MEGAPIXEL S.R.O.
DSCRX100M2.CE3,1,BER-KR SERVICES S.R.O.
ILCE7RB.CE,1,Aaron shop s.r.o.
SEL35F28Z.AE,5,Milan Skoda-FOTO
SEL35F28Z.AE,1,Milan Skoda-FOTO
DSCRX10.CE3,2,Milan Skoda-FOTO
ILCE7RB.CE,2,AT COMPUTERS A.S.
SEL35F28Z.AE,3,CEWE COLOR a.s.
SEL35F28Z.AE,2,SWS A.S.
SEL35F28Z.AE,1,"Elvia pro, spol. s r.o."
SEL35F28Z.AE,2,"Elvia pro, spol. s r.o."
DSCRX10.CE3,1,"VIDEO klinik, spol. s r. o."
SLTA99V.CE,2,MEGAPIXEL S.R.O.
SEL35F28Z.AE,1,Aaron shop s.r.o.
ILCE7RB.CE,1,Aaron shop s.r.o.
NEX6YB.CE,1,AT COMPUTERS A.S.
NEX6YB.CE,2,SWS A.S.
SEL35F28Z.AE,1,"Elvia pro, spol. s r.o."
NEX6B.CE,1,ELLEX GK S.R.O.
SEL35F28Z.AE,1,CEWE COLOR a.s.
DSCRX100M2.CE3,1,"Elvia pro, spol. s r.o."
NEXVG900EB.CEE,1,BER-KR SERVICES S.R.O.
ILCE7B.CE,1,Milan Skoda-FOTO
DSCRX100M2.CE3,1,"Elvia pro, spol. s r.o."
DSCRX10.CE3,2,"Elvia pro, spol. s r.o."
DSCRX100M2.CE3,1,"Elvia pro, spol. s r.o."
ILCE7B.CE,1,Aaron shop s.r.o.
ILCE7B.CE,2,Milan Skoda-FOTO
SEL35F28Z.AE,1,AT COMPUTERS A.S.
SEL35F28Z.AE,5,MEGAPIXEL S.R.O.
SEL35F28Z.AE,5,MEGAPIXEL S.R.O.
ILCE7RB.CE,2,Aaron shop s.r.o.
ILCE7RB.CE,1,SWS A.S.
SEL35F28Z.AE,1,"Elvia pro, spol. s r.o."
DSCRX100M2.CE3,1,"Elvia pro, spol. s r.o."
ILCE7RB.CE,1,ELLEX GK S.R.O.
SEL35F28Z.AE,1,CEWE COLOR a.s.
SEL35F28Z.AE,1,CEWE COLOR a.s.
SAL70200G2.AE,1,"Elvia pro, spol. s r.o."
DSCRX100M2.CE3,2,ELLEX GK S.R.O.
DSCRX100M2.CE3,2,CEWE COLOR a.s.
DSCRX10.CE3,5,CEWE COLOR a.s.
SEL35F28Z.AE,2,Aaron shop s.r.o.
DSCRX10.CE3,2,Milan Skoda-FOTO